{
  "custom": {},
  "params": {},
  "propConfig": {
    "params.feature": {
      "paramDirection": "input"
    },
    "params.key": {
      "paramDirection": "input"
    },
    "params.tier1": {
      "paramDirection": "input"
    },
    "params.tier2": {
      "paramDirection": "input"
    }
  },
  "props": {
    "defaultSize": {
      "width": 1200
    }
  },
  "root": {
    "children": [
      {
        "meta": {
          "name": "Dashboard"
        },
        "position": {
          "basis": "200px",
          "grow": 1
        },
        "propConfig": {
          "props.widgets[3].viewParams.FileName": {
            "binding": {
              "config": {
                "path": "session.custom.chosenDocument"
              },
              "type": "property"
            }
          }
        },
        "props": {
          "editingToggle": false,
          "stretch": {
            "columnCount": 9,
            "columnGutterSize": 3,
            "rowCount": 9,
            "rowGutterSize": 3
          },
          "widgets": [
            {
              "body": {
                "style": {
                  "classes": ""
                }
              },
              "header": {
                "enabled": true,
                "style": {
                  "classes": ""
                },
                "title": "Чекор 1: Прикачи датотека"
              },
              "isConfigurable": false,
              "minSize": {
                "columnSpan": 1,
                "rowSpan": 1
              },
              "name": "",
              "position": {
                "columnEnd": 4,
                "columnStart": 1,
                "rowEnd": 4,
                "rowStart": 1
              },
              "style": {
                "classes": ""
              },
              "viewParams": {},
              "viewPath": "Widgets/FileUpload"
            },
            {
              "body": {
                "style": {
                  "classes": ""
                }
              },
              "header": {
                "enabled": true,
                "style": {
                  "classes": ""
                },
                "title": "Чекор 2: Детектирај плагијати"
              },
              "isConfigurable": false,
              "minSize": {
                "columnSpan": 1,
                "rowSpan": 1
              },
              "name": "Model",
              "position": {
                "columnEnd": 7,
                "columnStart": 4,
                "rowEnd": 4,
                "rowStart": 1
              },
              "style": {
                "classes": ""
              },
              "viewParams": {},
              "viewPath": "Widgets/Model"
            },
            {
              "body": {
                "style": {
                  "classes": ""
                }
              },
              "header": {
                "enabled": true,
                "style": {
                  "classes": ""
                },
                "title": "Чекор 3: Одбери документ"
              },
              "isConfigurable": false,
              "minSize": {
                "columnSpan": 1,
                "rowSpan": 1
              },
              "name": "FilesReview",
              "position": {
                "columnEnd": 10,
                "columnStart": 7,
                "rowEnd": 4,
                "rowStart": 1
              },
              "style": {
                "classes": ""
              },
              "viewParams": {},
              "viewPath": "Widgets/FilesReview"
            },
            {
              "body": {
                "style": {
                  "classes": ""
                }
              },
              "header": {
                "enabled": true,
                "style": {
                  "classes": ""
                },
                "title": "Чекор 4: Преглед на резултат"
              },
              "isConfigurable": false,
              "minSize": {
                "columnSpan": 1,
                "rowSpan": 1
              },
              "name": "Response",
              "position": {
                "columnEnd": 10,
                "columnStart": 1,
                "rowEnd": 10,
                "rowStart": 4
              },
              "style": {
                "classes": ""
              },
              "viewParams": {},
              "viewPath": "Widgets/FileResponse"
            }
          ]
        },
        "type": "ia.display.dashboard"
      }
    ],
    "meta": {
      "name": "root"
    },
    "props": {
      "direction": "column",
      "style": {
        "classes": "Page/Page"
      }
    },
    "type": "ia.container.flex"
  }
}