{
  "custom": {
    "FileNames": ""
  },
  "params": {},
  "propConfig": {
    "custom.FileNames": {
      "binding": {
        "config": {
          "path": "session.custom.response"
        },
        "transforms": [
          {
            "code": "\timport json\n\tif value \u003d\u003d \u0027\u0027:\n\t\treturn \u0027\u0027\n\tvalue \u003d json.loads(value)\n\tfileNames \u003d []\n\tfor i in range(0,len(value.keys())):\n\t\t# each key is a dictionary\n\t\tkey \u003d \u0027\\\\\u0027.join(value[str(i)].keys()[0].split(\u0027\\\\\u0027)[-2:])\n\t\tfileNames.append(key)\n\t\n\treturn fileNames\n\t\t\n#\ts \u003d u\u0027\\u0403\\u0430\\u043a\\u043e\\u0432\\u0441\\u043a\\u0438 \\u0414\\u0430\\u0440\\u043a\\u043e_13532783_assignsubmission_file_\\\\-\\u0403\\u0430\\u043a\\u043e\\u0432\\u0441\\u043a\\u0438-181174-\\u0414\\u043d\\u0435\\u0432\\u043d\\u0438\\u043a.docx\u0027\n#\t\tprint(s.decode(\u0027unicode_escape\u0027))",
            "type": "script"
          }
        ],
        "type": "property"
      },
      "persistent": true
    }
  },
  "props": {
    "defaultSize": {
      "height": 300,
      "width": 300
    }
  },
  "root": {
    "children": [
      {
        "meta": {
          "name": "FlexRepeater"
        },
        "position": {
          "basis": "320px",
          "grow": 1
        },
        "propConfig": {
          "props.instances": {
            "binding": {
              "config": {
                "path": "view.custom.FileNames"
              },
              "transforms": [
                {
                  "code": "\tif value \u003d\u003d \u0027\u0027:\n\t\treturn []\n\tinstances \u003d []\n\tfor i in range(0, len(value)):\n\t\tobject \u003d {}\n\t\tobject[\"FileNumber\"] \u003d str(i+1) \n\t\tobject[\"FileName\"] \u003d value[i]\n\t\tinstances.append(object)\n\treturn instances",
                  "type": "script"
                }
              ],
              "type": "property"
            }
          }
        },
        "props": {
          "alignItems": "flex-start",
          "direction": "column",
          "elementPosition": {
            "grow": 0
          },
          "elementStyle": {
            "borderBottomColor": "#AAAAAA",
            "borderBottomStyle": "solid",
            "borderBottomWidth": "1px"
          },
          "path": "Templates/FileName"
        },
        "type": "ia.display.flex-repeater"
      }
    ],
    "meta": {
      "name": "root"
    },
    "props": {
      "direction": "column"
    },
    "type": "ia.container.flex"
  }
}