{
  "custom": {},
  "events": {
    "system": {
      "onStartup": {
        "config": {
          "script": "\tself.getChild(\"root\").getChild(\"Label_Model\").props.text \u003d \u0027\u0027\n\tself.getChild(\"root\").getChild(\"Label_Model\").props.style.backgroundColor \u003d \u0027\u0027\n\tself.getChild(\"root\").getChild(\"TextField\").props.value \u003d \u0027\u0027"
        },
        "scope": "G",
        "type": "script"
      }
    }
  },
  "params": {},
  "props": {
    "defaultSize": {
      "height": 170,
      "width": 400
    }
  },
  "root": {
    "children": [
      {
        "events": {
          "component": {
            "onActionPerformed": {
              "config": {
                "script": "\tif self.props.selected \u003d\u003d True:\n\t\tresponse \u003d system.net.httpGet(\"http://127.0.0.1:5000/\")\n\t\tself.getSibling(\"Label_Model\").props.text \u003d response\n\telse:\n\t\tself.getSibling(\"Label_Model\").props.text \u003d response \u003d \u0027\u0027"
              },
              "scope": "G",
              "type": "script"
            }
          }
        },
        "meta": {
          "name": "Checkbox"
        },
        "position": {
          "height": 0.12,
          "width": 0.6067,
          "x": 0.0333,
          "y": 0.0833
        },
        "propConfig": {
          "props.enabled": {
            "binding": {
              "config": {
                "path": "session.custom.filePath"
              },
              "transforms": [
                {
                  "fallback": true,
                  "inputType": "scalar",
                  "mappings": [
                    {
                      "input": "",
                      "output": false
                    }
                  ],
                  "outputType": "scalar",
                  "type": "map"
                }
              ],
              "type": "property"
            }
          }
        },
        "props": {
          "text": "Enable Flask"
        },
        "type": "ia.input.checkbox"
      },
      {
        "meta": {
          "name": "Label"
        },
        "position": {
          "height": 0.1706,
          "rotate": {
            "anchor": "158% -159%"
          },
          "width": 0.93,
          "x": 0.035,
          "y": 0.2833
        },
        "props": {
          "style": {
            "borderTopColor": "#AAAAAA",
            "borderTopStyle": "solid",
            "borderTopWidth": "1px",
            "paddingTop": 5
          },
          "text": "Insert n for ngrams:"
        },
        "type": "ia.display.label"
      },
      {
        "meta": {
          "name": "TextField"
        },
        "position": {
          "height": 0.1765,
          "width": 0.2575,
          "x": 0.7075,
          "y": 0.3086
        },
        "propConfig": {
          "props.enabled": {
            "binding": {
              "config": {
                "path": "../Checkbox.props.selected"
              },
              "type": "property"
            }
          }
        },
        "props": {
          "inputBounds": {
            "maximum": 10,
            "minimum": 0
          }
        },
        "type": "ia.input.numeric-entry-field"
      },
      {
        "events": {
          "component": {
            "onActionPerformed": {
              "config": {
                "script": "\timport time\n\timport urllib\n\t\n\tfilePath \u003d self.session.custom.filePath\n\t\n\tself.getSibling(\"Label_Model\").props.text \u003d \"Model running...\"\n\tself.getSibling(\"Label_Model\").props.style.backgroundColor \u003d \u0027yellow\u0027\n\t\n\t# Get Files\n\tself.getSibling(\"Label_Model\").props.text \u003d \"Extracting WORD documents...\"\n\ttry:\n\t\tf \u003d open(\"C:\\Users\\draga\\Documents\\Text Processing - Plagiarism Detection\\Data\\FileName.txt\", \"r\")\n\t\tfilePath \u003d f.read()\n\t\turl \u003d \"http://127.0.0.1:5000/getFiles/\" + urllib.quote(filePath)\n\t\tsystem.net.httpGet(url,readTimeout\u003d10000000, headerValues\u003d{\u0027Accept\u0027: \u0027text/html,application/xhtml+xml,application/xml;q\u003d0.9,image/avif,image/webp,image/apng,*/*;q\u003d0.8,application/signed-exchange;v\u003db3;q\u003d0.9\u0027,\u0027Accept-Language\u0027: \u0027en-US,en;q\u003d0.9,mk;q\u003d0.8\u0027})\n\texcept: pass\n\t\n\ttime.sleep(3)\n\t\n\t# Create Dataset\n\tself.getSibling(\"Label_Model\").props.text \u003d \"Extracting metadata...\"\n\ttry:\n\t\tsystem.net.httpGet(\"http://127.0.0.1:5000/createDataset\",readTimeout\u003d10000000)\n\texcept: pass\n\t\n\ttime.sleep(5)\n\t\n\t# Run Model\n\tself.getSibling(\"Label_Model\").props.text \u003d \"Comparing...\"\n\ttry:\n\t\tn \u003d int(self.getSibling(\"TextField\").props.value)\n\texcept: n \u003d 4\n\tresponse \u003d system.net.httpGet(\"http://127.0.0.1:5000/runModel/\"+str(n),readTimeout\u003d10000000)\n\tself.session.custom.response \u003d response \n\t\n\tself.getSibling(\"Label_Model\").props.style.backgroundColor \u003d \u0027green\u0027\n\tself.getSibling(\"Label_Model\").props.text \u003d \"Model finished\"\n\tself.props.value \u003d 0"
              },
              "scope": "G",
              "type": "script"
            }
          }
        },
        "meta": {
          "name": "OneShotButton"
        },
        "position": {
          "height": 0.1765,
          "width": 0.4667,
          "x": 0.2637,
          "y": 0.5575
        },
        "propConfig": {
          "props.enabled": {
            "binding": {
              "config": {
                "path": "../TextField.props.value"
              },
              "transforms": [
                {
                  "fallback": true,
                  "inputType": "scalar",
                  "mappings": [
                    {
                      "input": "",
                      "output": false
                    }
                  ],
                  "outputType": "scalar",
                  "type": "map"
                }
              ],
              "type": "property"
            }
          }
        },
        "props": {
          "readyState": {
            "icon": {
              "style": {
                "height": "24px",
                "width": "2rem"
              }
            },
            "text": "Детектирај"
          },
          "style": {
            "borderTopColor": "#AAAAAA",
            "borderTopStyle": "solid",
            "borderTopWidth": "1px",
            "padding": 30
          },
          "writingState": {
            "icon": {
              "path": "material/hourglass_empty",
              "style": {
                "height": "24px",
                "width": "2rem"
              }
            },
            "text": "..."
          }
        },
        "type": "ia.input.oneshotbutton"
      },
      {
        "meta": {
          "name": "Label_Model"
        },
        "position": {
          "height": 0.175,
          "width": 1,
          "y": 0.82
        },
        "props": {
          "style": {
            "backgroundColor": "",
            "borderColor": "#AAAAAA",
            "borderStyle": "solid",
            "borderWidth": "1px"
          }
        },
        "type": "ia.display.label"
      }
    ],
    "meta": {
      "name": "root"
    },
    "props": {
      "mode": "percent"
    },
    "type": "ia.container.coord"
  }
}