{
  "custom": {},
  "params": {},
  "props": {
    "defaultSize": {
      "height": 20,
      "width": 20
    }
  },
  "root": {
    "children": [
      {
        "events": {
          "dom": {
            "onClick": {
              "config": {
                "script": "\tsystem.perspective.sendMessage(\u0027downoload-file\u0027)"
              },
              "scope": "G",
              "type": "script"
            }
          }
        },
        "meta": {
          "name": "Icon"
        },
        "position": {
          "basis": "30px",
          "grow": 1
        },
        "props": {
          "path": "material/save_alt",
          "style": {
            "cursor": "pointer"
          }
        },
        "type": "ia.display.icon"
      }
    ],
    "meta": {
      "name": "root"
    },
    "props": {
      "direction": "column"
    },
    "type": "ia.container.flex"
  }
}