{
  "custom": {},
  "events": {
    "system": {
      "onStartup": {
        "config": {
          "script": "\t# Reset background\n\tself.getChild(\"root\").props.style.background \u003d \u0027\u0027"
        },
        "scope": "G",
        "type": "script"
      }
    }
  },
  "params": {
    "FileName": "Name Surname",
    "FileNumber": 1
  },
  "propConfig": {
    "params.FileName": {
      "paramDirection": "input",
      "persistent": true
    },
    "params.FileNumber": {
      "paramDirection": "input",
      "persistent": true
    }
  },
  "props": {
    "defaultSize": {
      "height": 40
    }
  },
  "root": {
    "children": [
      {
        "meta": {
          "name": "Label_0"
        },
        "position": {
          "basis": "30px"
        },
        "propConfig": {
          "props.text": {
            "binding": {
              "config": {
                "path": "view.params.FileNumber"
              },
              "transforms": [
                {
                  "expression": "{value} + \u0027.\u0027",
                  "type": "expression"
                }
              ],
              "type": "property"
            }
          }
        },
        "props": {
          "style": {
            "fontWeight": "bold",
            "textAlign": "center"
          }
        },
        "type": "ia.display.label"
      },
      {
        "events": {
          "dom": {
            "onClick": {
              "config": {
                "script": "\t# Save the chosen document\n\tself.session.custom.chosenDocument \u003d self.props.text"
              },
              "scope": "G",
              "type": "script"
            }
          }
        },
        "meta": {
          "name": "Label"
        },
        "position": {
          "basis": "30px",
          "grow": 1
        },
        "propConfig": {
          "props.text": {
            "binding": {
              "config": {
                "path": "view.params.FileName"
              },
              "type": "property"
            }
          }
        },
        "props": {
          "style": {
            "background": "",
            "cursor": "pointer"
          }
        },
        "type": "ia.display.label"
      }
    ],
    "events": {
      "dom": {
        "onMouseOut": {
          "config": {
            "script": "\tself.props.style.background \u003d \u0027\u0027"
          },
          "scope": "G",
          "type": "script"
        },
        "onMouseOver": {
          "config": {
            "script": "\tself.props.style.background \u003d \u0027#AAAAAA\u0027"
          },
          "scope": "G",
          "type": "script"
        }
      }
    },
    "meta": {
      "name": "root"
    },
    "props": {
      "style": {
        "background": ""
      }
    },
    "type": "ia.container.flex"
  }
}