{
  "custom": {},
  "params": {
    "params": {},
    "size": "medium"
  },
  "propConfig": {
    "params.params": {
      "paramDirection": "input",
      "persistent": true
    },
    "params.size": {
      "paramDirection": "input"
    }
  },
  "props": {
    "defaultSize": {
      "height": 58
    }
  },
  "root": {
    "children": [
      {
        "meta": {
          "hasDelegate": true,
          "name": "Spacer Start"
        },
        "position": {
          "basis": "16px",
          "shrink": 0
        },
        "props": {
          "text": " "
        },
        "type": "ia.display.label"
      },
      {
        "meta": {
          "name": "Label"
        },
        "position": {
          "basis": "300px"
        },
        "props": {
          "style": {
            "fontSize": 20
          },
          "text": "Детекција на плагијати"
        },
        "type": "ia.display.label"
      }
    ],
    "meta": {
      "name": "root"
    },
    "propConfig": {
      "props.style.backgroundColor": {
        "binding": {
          "config": {
            "path": "session.props.theme"
          },
          "transforms": [
            {
              "code": "\tif \"dark\" in value:\n\t\treturn \"var(--neutral-10)\"\n\telse:\n\t\treturn \"\"",
              "type": "script"
            }
          ],
          "type": "property"
        }
      }
    },
    "props": {
      "style": {
        "classes": "Header/Header"
      }
    },
    "type": "ia.container.flex"
  }
}