{
  "custom": {},
  "params": {},
  "props": {
    "defaultSize": {
      "height": 300,
      "width": 300
    }
  },
  "root": {
    "children": [
      {
        "events": {
          "component": {
            "onFileReceived": {
              "config": {
                "script": "\timport os\n\t# Grab the file name and data\n\tfilename \u003d event.file.name\n\tfiledata \u003d event.file.getBytes()\n\t#filename \u003d \"Data - \" + str(system.date.now())\n\t# Save the file content\n\tsavePath \u003d \u0027C:\\Users\\draga\\Documents\\Text Processing - Plagiarism Detection\\Data\u0027\n\tcompleteName \u003d os.path.join(savePath, filename)\n\tfile \u003d open(completeName, \"wb\")\n\tfile.write(filedata)\n\tfile.close()\n\t\n\t# Save the file path for lates use in the model\n\t# self.session.custom.filePath \u003d completeName.encode(\u0027unicode_escape\u0027)\n\tself.session.custom.filePath \u003d filename\n\t# Write the file name to txt file\n\tf \u003d open(r\"C:\\Users\\draga\\Documents\\Text Processing - Plagiarism Detection\\Data\\FileName.txt\", \"w\")\n\tf.write(filename)\n\tf.close()\n\t"
              },
              "scope": "G",
              "type": "script"
            }
          }
        },
        "meta": {
          "name": "FileUpload"
        },
        "position": {
          "basis": "145px",
          "grow": 1
        },
        "props": {
          "fileSizeLimit": 100
        },
        "type": "ia.input.fileupload"
      }
    ],
    "meta": {
      "name": "root"
    },
    "props": {
      "direction": "column"
    },
    "type": "ia.container.flex"
  }
}