{
  "custom": {},
  "params": {
    "FileName": "Јорданов Филип_13532733_assignsubmission_file_\\kompjuterska_etika_dnevnik_155030.docx"
  },
  "propConfig": {
    "params.FileName": {
      "paramDirection": "input",
      "persistent": true
    }
  },
  "props": {
    "defaultSize": {
      "height": 400,
      "width": 600
    }
  },
  "root": {
    "children": [
      {
        "children": [
          {
            "meta": {
              "name": "Label"
            },
            "position": {
              "basis": "700px",
              "grow": 1
            },
            "propConfig": {
              "props.text": {
                "binding": {
                  "config": {
                    "path": "view.params.FileName"
                  },
                  "transforms": [
                    {
                      "expression": "\u0027Извештај за споредба на документот: \u0027 + {value}",
                      "type": "expression"
                    }
                  ],
                  "type": "property"
                }
              }
            },
            "props": {
              "style": {
                "padding": 10
              }
            },
            "type": "ia.display.label"
          },
          {
            "events": {
              "dom": {
                "onClick": {
                  "config": {
                    "script": "\t# Get file name from selected row\n\tFileName \u003d self.view.params.FileName\n\tParent \u003d self.session.custom.filePath.replace(\u0027.zip\u0027, \u0027 - Unzipped\\\\\u0027)\n\tParent \u003d Parent.replace(\u0027\\\\\\\\\u0027, \u0027\\\\\u0027)\n\tsystem.perspective.print(Parent+FileName)\n\tData \u003d system.file.readFileAsBytes(Parent+FileName)\n\tsystem.perspective.download(FileName, Data)"
                  },
                  "scope": "G",
                  "type": "script"
                }
              }
            },
            "meta": {
              "name": "Icon"
            },
            "position": {
              "basis": "30px",
              "display": false
            },
            "props": {
              "path": "material/save_alt",
              "style": {
                "cursor": "pointer"
              }
            },
            "type": "ia.display.icon"
          }
        ],
        "meta": {
          "name": "FlexContainer"
        },
        "position": {
          "basis": "55px"
        },
        "type": "ia.container.flex"
      },
      {
        "meta": {
          "name": "Table"
        },
        "position": {
          "basis": "400px",
          "grow": 1
        },
        "propConfig": {
          "props.columns[6].header.title": {
            "binding": {
              "config": {
                "expression": "\u0027 \u0027"
              },
              "type": "expr"
            }
          },
          "props.data": {
            "binding": {
              "config": {
                "path": "view.params.FileName"
              },
              "transforms": [
                {
                  "code": "\timport json\n\tif value \u003d\u003d \u0027\u0027 or self.session.custom.response \u003d\u003d \u0027\u0027:\n\t\treturn []\n\tvalue \u003d json.loads(self.session.custom.response)\n\theaders \u003d [\"File Name\", \"Links Comparison\", \"Metadata Comparison\", \"Text Comparison\", \"Text Similarity\", \"Summary\", \u0027Downoload\u0027]\n\trows \u003d []\n\tfor i in range(0,len(value.keys())):\n\t\t# each key is a dictionary\n\t\tkey \u003d \u0027\\\\\u0027.join(value[str(i)].keys()[0].split(\u0027\\\\\u0027)[-2:])\n\t\t# find the correct file name\n\t\tif key \u003d\u003d self.session.custom.chosenDocument:\n\t\t\tdict \u003d value[str(i)]\n\t\t\tfor j in dict.keys()[1:]:\n\t\t\t\trow \u003d []\n\t\t\t\trow.append(\u0027\\\\\u0027.join(j.split(\u0027\\\\\u0027)[-2:]))\n\t\t\t\ttry:\n\t\t\t\t\trow.append(dict[j][\"links\"])\n\t\t\t\texcept: row.append(0)\n\t\t\t\ttry:\n\t\t\t\t\trow.append(dict[j][\"metadata\"])\n\t\t\t\texcept: row.append(0)\n\t\t\t\ttry:\n\t\t\t\t\trow.append(dict[j][\"text\"])\n\t\t\t\texcept: row.append(0)\n\t\t\t\ttry:\n\t\t\t\t\trow.append(dict[j][\"similarity\"])\n\t\t\t\texcept: row.append(0)\n\t\t\t\ttry:\n\t\t\t\t\t# check if all values are zero:\n\t\t\t\t\tokay \u003d 0\n\t\t\t\t\tfor i in row[1:]:\n\t\t\t\t\t\tif i !\u003d 0: okay \u003d 1\n\t\t\t\t\tif okay \u003d\u003d 1:\n\t\t\t\t\t\trow.append(dict[j][\"summary\"])\n\t\t\t\t\telse: continue\n\t\t\t\texcept: row.append(0)\n\t\t\t\trow.append(\u0027\u0027) # empty value for downoload icon\n\t\t\t\trows.append(row)\n\treturn system.dataset.toDataSet(headers, rows)\n",
                  "type": "script"
                }
              ],
              "type": "property"
            }
          }
        },
        "props": {
          "cells": {
            "style": {
              "borderRightColor": "#AAAAAA",
              "borderRightStyle": "solid",
              "borderRightWidth": "1px",
              "padding": 10
            }
          },
          "columns": [
            {
              "align": "center",
              "boolean": "checkbox",
              "dateFormat": "MM/DD/YYYY",
              "editable": false,
              "field": "File Name",
              "footer": {
                "align": "center",
                "justify": "left",
                "style": {
                  "classes": ""
                },
                "title": ""
              },
              "header": {
                "align": "center",
                "justify": "left",
                "style": {
                  "classes": ""
                },
                "title": ""
              },
              "justify": "auto",
              "number": "value",
              "numberFormat": "0,0.##",
              "progressBar": {
                "bar": {
                  "color": "",
                  "style": {
                    "classes": ""
                  }
                },
                "max": 100,
                "min": 0,
                "track": {
                  "color": "",
                  "style": {
                    "classes": ""
                  }
                },
                "value": {
                  "enabled": true,
                  "format": "0,0.##",
                  "justify": "center",
                  "style": {
                    "classes": ""
                  }
                }
              },
              "render": "auto",
              "resizable": false,
              "sort": "none",
              "sortable": false,
              "strictWidth": false,
              "style": {
                "classes": ""
              },
              "toggleSwitch": {
                "color": {
                  "selected": "",
                  "unselected": ""
                }
              },
              "viewParams": {},
              "viewPath": "",
              "visible": true,
              "width": 380
            },
            {
              "align": "center",
              "boolean": "checkbox",
              "dateFormat": "MM/DD/YYYY",
              "editable": false,
              "field": "Links Comparison",
              "footer": {
                "align": "center",
                "justify": "left",
                "style": {
                  "classes": ""
                },
                "title": ""
              },
              "header": {
                "align": "center",
                "justify": "left",
                "style": {
                  "classes": ""
                },
                "title": ""
              },
              "justify": "auto",
              "number": "value",
              "numberFormat": "0,0.##",
              "progressBar": {
                "bar": {
                  "color": "",
                  "style": {
                    "classes": ""
                  }
                },
                "max": 100,
                "min": 0,
                "track": {
                  "color": "",
                  "style": {
                    "classes": ""
                  }
                },
                "value": {
                  "enabled": true,
                  "format": "0,0.##",
                  "justify": "center",
                  "style": {
                    "classes": ""
                  }
                }
              },
              "render": "auto",
              "resizable": false,
              "sort": "none",
              "sortable": false,
              "strictWidth": true,
              "style": {
                "classes": ""
              },
              "toggleSwitch": {
                "color": {
                  "selected": "",
                  "unselected": ""
                }
              },
              "viewParams": {},
              "viewPath": "",
              "visible": true,
              "width": 90
            },
            {
              "align": "center",
              "boolean": "checkbox",
              "dateFormat": "MM/DD/YYYY",
              "editable": false,
              "field": "Metadata Comparison",
              "footer": {
                "align": "center",
                "justify": "left",
                "style": {
                  "classes": ""
                },
                "title": ""
              },
              "header": {
                "align": "center",
                "justify": "left",
                "style": {
                  "classes": ""
                },
                "title": ""
              },
              "justify": "auto",
              "number": "value",
              "numberFormat": "0,0.##",
              "progressBar": {
                "bar": {
                  "color": "",
                  "style": {
                    "classes": ""
                  }
                },
                "max": 100,
                "min": 0,
                "track": {
                  "color": "",
                  "style": {
                    "classes": ""
                  }
                },
                "value": {
                  "enabled": true,
                  "format": "0,0.##",
                  "justify": "center",
                  "style": {
                    "classes": ""
                  }
                }
              },
              "render": "auto",
              "resizable": false,
              "sort": "none",
              "sortable": false,
              "strictWidth": true,
              "style": {
                "classes": ""
              },
              "toggleSwitch": {
                "color": {
                  "selected": "",
                  "unselected": ""
                }
              },
              "viewParams": {},
              "viewPath": "",
              "visible": true,
              "width": 90
            },
            {
              "align": "center",
              "boolean": "checkbox",
              "dateFormat": "MM/DD/YYYY",
              "editable": false,
              "field": "Text Comparison",
              "footer": {
                "align": "center",
                "justify": "left",
                "style": {
                  "classes": ""
                },
                "title": ""
              },
              "header": {
                "align": "center",
                "justify": "left",
                "style": {
                  "classes": ""
                },
                "title": ""
              },
              "justify": "auto",
              "number": "value",
              "numberFormat": "0,0.##",
              "progressBar": {
                "bar": {
                  "color": "",
                  "style": {
                    "classes": ""
                  }
                },
                "max": 100,
                "min": 0,
                "track": {
                  "color": "",
                  "style": {
                    "classes": ""
                  }
                },
                "value": {
                  "enabled": true,
                  "format": "0,0.##",
                  "justify": "center",
                  "style": {
                    "classes": ""
                  }
                }
              },
              "render": "auto",
              "resizable": false,
              "sort": "none",
              "sortable": false,
              "strictWidth": true,
              "style": {
                "classes": ""
              },
              "toggleSwitch": {
                "color": {
                  "selected": "",
                  "unselected": ""
                }
              },
              "viewParams": {},
              "viewPath": "",
              "visible": true,
              "width": 90
            },
            {
              "align": "center",
              "boolean": "checkbox",
              "dateFormat": "MM/DD/YYYY",
              "editable": false,
              "field": "Text Similarity",
              "footer": {
                "align": "center",
                "justify": "left",
                "style": {
                  "classes": ""
                },
                "title": ""
              },
              "header": {
                "align": "center",
                "justify": "left",
                "style": {
                  "classes": ""
                },
                "title": ""
              },
              "justify": "auto",
              "number": "value",
              "numberFormat": "0,0.##",
              "progressBar": {
                "bar": {
                  "color": "",
                  "style": {
                    "classes": ""
                  }
                },
                "max": 100,
                "min": 0,
                "track": {
                  "color": "",
                  "style": {
                    "classes": ""
                  }
                },
                "value": {
                  "enabled": true,
                  "format": "0,0.##",
                  "justify": "center",
                  "style": {
                    "classes": ""
                  }
                }
              },
              "render": "auto",
              "resizable": false,
              "sort": "none",
              "sortable": false,
              "strictWidth": true,
              "style": {
                "classes": ""
              },
              "toggleSwitch": {
                "color": {
                  "selected": "",
                  "unselected": ""
                }
              },
              "viewParams": {},
              "viewPath": "",
              "visible": true,
              "width": 80
            },
            {
              "align": "center",
              "boolean": "checkbox",
              "dateFormat": "MM/DD/YYYY",
              "editable": false,
              "field": "Summary",
              "footer": {
                "align": "center",
                "justify": "left",
                "style": {
                  "classes": ""
                },
                "title": ""
              },
              "header": {
                "align": "center",
                "justify": "left",
                "style": {
                  "classes": ""
                },
                "title": ""
              },
              "justify": "auto",
              "number": "value",
              "numberFormat": "0,0.##",
              "progressBar": {
                "bar": {
                  "color": "",
                  "style": {
                    "classes": ""
                  }
                },
                "max": 100,
                "min": 0,
                "track": {
                  "color": "",
                  "style": {
                    "classes": ""
                  }
                },
                "value": {
                  "enabled": true,
                  "format": "0,0.##",
                  "justify": "center",
                  "style": {
                    "classes": ""
                  }
                }
              },
              "render": "auto",
              "resizable": false,
              "sort": "none",
              "sortable": false,
              "strictWidth": true,
              "style": {
                "classes": ""
              },
              "toggleSwitch": {
                "color": {
                  "selected": "",
                  "unselected": ""
                }
              },
              "viewParams": {},
              "viewPath": "",
              "visible": true,
              "width": 80
            },
            {
              "align": "center",
              "boolean": "checkbox",
              "dateFormat": "MM/DD/YYYY",
              "editable": false,
              "field": "Downoload",
              "footer": {
                "align": "center",
                "justify": "left",
                "style": {
                  "classes": ""
                },
                "title": ""
              },
              "header": {
                "align": "center",
                "justify": "left",
                "style": {
                  "classes": ""
                }
              },
              "justify": "left",
              "number": "value",
              "numberFormat": "0,0.##",
              "progressBar": {
                "bar": {
                  "color": "",
                  "style": {
                    "classes": ""
                  }
                },
                "max": 100,
                "min": 0,
                "track": {
                  "color": "",
                  "style": {
                    "classes": ""
                  }
                },
                "value": {
                  "enabled": true,
                  "format": "0,0.##",
                  "justify": "center",
                  "style": {
                    "classes": ""
                  }
                }
              },
              "render": "view",
              "resizable": false,
              "sort": "none",
              "sortable": false,
              "strictWidth": true,
              "style": {
                "classes": ""
              },
              "toggleSwitch": {
                "color": {
                  "selected": "",
                  "unselected": ""
                }
              },
              "viewParams": {},
              "viewPath": "Templates/Downoload",
              "visible": true,
              "width": 50
            }
          ],
          "dragOrderable": false,
          "pager": {
            "bottom": false
          }
        },
        "scripts": {
          "customMethods": [],
          "extensionFunctions": null,
          "messageHandlers": [
            {
              "messageType": "downoload-file",
              "pageScope": true,
              "script": "\ttry:\n\t\t# Get file name from selected row\n\t\tFileName \u003d self.props.selection.data[0][\u0027File Name\u0027]\n\t\tParent \u003d self.session.custom.filePath.replace(\u0027.zip\u0027, \u0027 - Unzipped\\\\\u0027)\n\t\tParent \u003d Parent.replace(\u0027\\\\\\\\\u0027, \u0027\\\\\u0027)\n\t\tsystem.perspective.print(Parent+FileName)\n\t\tData \u003d system.file.readFileAsBytes(Parent+FileName)\n\t\tsystem.perspective.download(FileName, Data)\n\texcept: pass",
              "sessionScope": false,
              "viewScope": false
            }
          ]
        },
        "type": "ia.display.table"
      }
    ],
    "meta": {
      "name": "root"
    },
    "props": {
      "direction": "column"
    },
    "type": "ia.container.flex"
  }
}